<?xml version='1.0' encoding='UTF-8'?>  
<!DOCTYPE hibernate-configuration PUBLIC  
          "-//Hibernate/Hibernate Configuration DTD 5.3//EN"  
          "http://hibernate.sourceforge.net/hibernate-configuration-5.3.dtd">  
   
<hibernate-configuration>  
  <session-factory>
   <property name="hibernate.connection.driver_class">com.mysql.jdbc.Driver</property>
  <property name="hibernate.connection.password">Welcome1</property>
  <property name="hibernate.connection.url">jdbc:mysql://localhost:3306/test</property>
  <property name="hibernate.connection.username">root</property>
  <property name="hibernate.dialect">org.hibernate.dialect.MySQLDialect</property>
  <property name="hibernate.show_sql">true</property>
  <property name="hibernate.hbm2ddl.auto">update</property>
    <mapping class="com.javatpoint.Address"/>  
    <mapping class="com.javatpoint.Employee"/>  
    </session-factory>  
  
</hibernate-configuration>  